PACKAGE,DOMAIN,METHOD,CLASSIFICATION,CURRENT_CAPABILITY,FULL_ENGINE_CAPABILITY,CAPABILITY_LOSS,RESTORATION,NEW_ADVANCED_CAPABILITY,TEST_STATUS,PACKAGE_SHA,NEXT_PRIORITY,SWEEP_NUMBER,GAP_CLASS,SOPHISTICATION_BEFORE,SOPHISTICATION_AFTER,RESTORED_CAPABILITY,HOSTILE_FIXTURE_STATUS,PERFORMANCE_RESULT,NEXT_REVISIT_REASON
JointDistributionIntelligence,dependence,conditional distribution,ADVANCED,"Conditional-distribution v2 empirical region law","Distribution/dependence/uncertainty/provenance plus family estimators","Family-specific analytic dispatch absent","Quantiles covariance correlation uncertainty provenance","Bootstrap intervals",QUALIFIED,32bf85a30aa4648106e60bb2e1184bc1c83f1908,"Analytic elliptical conditionals",1,NEUTERED_CAPABILITY,"Conditional mean only","Reusable conditional law artifact","Distribution summaries and uncertainty","Tail sample and invalid-contract fixtures pass","Integrated QA ~0.52s; check locale-blocked","Add family dispatch and model uncertainty"
JointDistributionIntelligence,dependence,high-dimensional dependence,FRONTIER,"Vine factor graph HT Gaussian/t empirical","Purpose-specific conditional and extreme queries","Conditional queries share empirical estimator",PLANNED,"Conditional estimator dispatch",NOT_STARTED,f5f8c4e,"Family-specific conditionals",1,ADVANCED_GAP,"Advanced fitted families","Advanced families plus generic conditionals",NONE,NOT_STARTED,NOT_MEASURED,"Revisit after elliptical conditional contract"
AutoUL,unsupervised learning,out-of-sample application,ADVANCED,"HDBSCAN mixed PAM NMF and anomaly scoring now apply","Scoring-safe application for every method with canonical semantics","Some fitted methods still training-only by mathematical design","Restored engine-backed assignment projection and fitted thresholds","Density-aware OOS scoring",QUALIFIED,dcc31a622e046a2508dc6ffc9377fcdd17eedf24,"Assess LOF OOS and temporal application",1,BROKEN_PRODUCTION,"Fit without apply for three methods","Fit/transform/apply with honest exclusions","HDBSCAN mixed PAM NMF application","Remote density noise; mixed Gower; nonnegative projection; extreme anomaly pass",NOT_BENCHMARKED,"Evaluate only methods with defensible OOS semantics"
Rodeo,feature engineering,supervised categorical encoding,ADVANCED,"Cross-fitted target mean and WOE in vNext","Leakage-safe target/credibility/WOE family with scoring contracts","Legacy advanced encoders omitted from vNext","Restored target mean and WOE with smoothing and full scoring maps","Cross-fit leakage boundary and lineage",QUALIFIED,16f384afb4d73948acfbfb591ce419149db8f996,"Credibility encoding and grouped/time folds",1,NEUTERED_CAPABILITY,"Legacy encoders or unsupervised vNext only","Advanced supervised encoders in fitted plans","Target mean and WOE","Unique-level leakage and finite WOE fixtures pass","100k rows/1000 levels: 0.16s","Add grouped/time cross-fitting and credibility shrinkage"
ForecastIntelligence,forecasting,CARMA vNext,FRONTIER,"Hurdle vector hierarchy relational temporal stochastic tournament","Full expert engine with evidence-backed admission","Some families deferred/rejected",REVIEW_REQUIRED,"Requalify without weakening authority",BASELINE_AUDITED,62d7f04,"Capability versus authority separation",1,NEUTERED_CAPABILITY,"Advanced breadth with exclusions","Pending",NONE,NOT_STARTED,NOT_MEASURED,"Revisit after cross-domain restore targets"
ResponseIntelligence,response and elasticity,governed response surfaces,FRONTIER,"Bayesian hierarchical multivariable response and scenarios","Comprehensive heterogeneous structural response uncertainty","No obvious neutering first pass",NONE,"Structural model uncertainty",BASELINE_AUDITED,e725912,"Applicability and uncertainty benchmark",1,ADVANCED_GAP,"Strong frontier baseline","Pending",NONE,NOT_STARTED,NOT_MEASURED,"Hostile heterogeneity and overlap sweep"
DecisionIntelligence,decision science,stochastic campaigns,FRONTIER,"Chance regret Pareto coupled robust policies","Scalable stochastic/distributionally robust optimization","Solver breadth and scaling unqualified",NONE,"Ambiguity sets and decomposition",BASELINE_AUDITED,26a209d,"Profile frontier campaigns",1,PERFORMANCE_GAP,"Frontier methods present","Pending",NONE,NOT_STARTED,NOT_MEASURED,"Hostile constrained frontier campaign"
FinancialIntelligence,financial risk,pricing and risk system,FRONTIER,"Closed form MC PDE lattice Greeks hedging tail QMC","Unified pricing/risk with model risk and path dependence","Calibration and scaling need audit",REVIEW_REQUIRED,"Advanced calibration",BASELINE_AUDITED,17cd4b1,"Stochastic volatility and portfolio seams",1,ADVANCED_GAP,"Broad advanced baseline","Pending",NONE,NOT_STARTED,NOT_MEASURED,"Calibration and tail-risk hostile sweep"
ScientificIntelligence,scientific modeling,mechanistic inference,FRONTIER,"ODE SDE DDE DAE hybrid PDE uncertainty assimilation","Deterministic stochastic and spatial inference","Production SPDE unavailable",PLANNED,"SPDE contract and solver",BASELINE_AUDITED,6d5ed22,"Bounded SPDE architecture",1,ADVANCED_GAP,"Frontier non-SPDE system","Pending",NONE,NOT_STARTED,NOT_MEASURED,"Do not fake SPDE; qualify numerics first"
ProbabilityEngine,probability and uncertainty,probability substrate,STRONG_PRODUCTION,"Native kernels robust fit mixtures hurdle KDE Bayes EVT QMC","Numerically robust compositional uncertainty","Numerical breadth needs deeper audit",REVIEW_REQUIRED,"Advanced composition",BASELINE_AUDITED,f4a0757,"Tail accuracy audit",1,NUMERICAL_GAP,"Strong production substrate","Pending",NONE,NOT_STARTED,NOT_MEASURED,"Pathological numerical fixture sweep"
EpistemicIntelligence,epistemic judgment,structured judgment,ADVANCED,"Evidence findings gates governed judgments","Calibrated conflict-aware belief revision","Cross-domain calibration limited",REVIEW_REQUIRED,"Adversarial calibration",BASELINE_AUDITED,226019e,"Confidence consistency",1,AUTOMATION_GAP,"Structured judgments","Pending",NONE,NOT_STARTED,NOT_MEASURED,"Conflict and counter-evidence sweep"
MethodologicalIntelligence,method authority,method election,ADVANCED,"Purpose-separated authority handoffs","Election across applicability uncertainty stability purpose","Test surface small",REVIEW_REQUIRED,"Disagreement adjudication",BASELINE_AUDITED,483ec82,"Adversarial authority QA",1,HOSTILE_QA_GAP,"Authority framework","Pending",NONE,NOT_STARTED,NOT_MEASURED,"Cross-domain election fixtures"
AutoNLS,nonlinear scientific regression,nonlinear model system,ADVANCED,"Registry robust losses multistart derivatives intervals in active work","Profile uncertainty constraints structural comparison","Concurrent dirty interval/artifact work prevents isolated change",REVIEW_REQUIRED,"Profile likelihood and multimodality",CONCURRENT_WORK,ee1e980,"Revisit after active work publishes",1,ADVANCED_GAP,"Advanced fitting plus evolving intervals","Pending",NONE,NOT_STARTED,NOT_MEASURED,"Do not overwrite active worktree"
RetroFit,supervised machine learning,supervised modeling system,STRONG_PRODUCTION,"Broad supervised backend","Ensembles calibration uncertainty constraints scoring","Detailed loss audit pending",REVIEW_REQUIRED,"Frontier supervised candidates",INVENTORY_ONLY,0f7d578,"Map engines to APIs",1,INVENTORY_GAP,"Unknown detailed exposure","Pending",NONE,NOT_STARTED,NOT_MEASURED,"Clean worktree deep audit"
RetroFit,supervised machine learning,weighted scoring-safe native ensembles,ADVANCED,"Polars-first CatBoost LightGBM XGBoost fit/persist/apply with fixed early stopping and no observation weights","Native weighted fitting weighted validation expert early-stopping control and durable native model payloads","Cost/exposure weighting unavailable; XGBoost fit succeeded but sklearn-wrapper persistence failed in current environment",RESTORED,"Weighted metrics and explicit early-stopping authority across all three engines",QUALIFIED,deb077ea5ef1a524c17a444a6d687a1ff0d50cf3,"Distributional objectives calibration uncertainty constraints and validation strategies",1,BROKEN_PRODUCTION_CAPABILITY,"Unweighted fit and failing XGBoost persistence","Weighted scoring-safe native persistence across CatBoost LightGBM and XGBoost","Observation weights native Booster persistence configurable early stopping","Negative all-zero NaN weights fail closed; weighted fit/apply passes all engines","Suite improved from 8 pass/2 fail to 16 pass/0 fail in ~4s","Restore quantile/distributional outputs and group/time validation without narrowing engine parameters"
PolarsFE,feature engineering,Polars plan-spec engineering,STRONG_PRODUCTION,"Plan/spec orchestration","Batched native expressions and scoring-safe specs","Orchestration slower than direct Polars",PLANNED,"Expression compiler",BASELINE_AUDITED,unrecorded,"Safe hot-path optimization",1,PERFORMANCE_GAP,"Correct orchestration","Pending",NONE,SAFETY_GUARDS_EXIST,"Large Python runs opt-in after native crash","Resume only with subprocess safety"
ForecastIntelligence,forecasting,CARMA advanced capability authority,ADVANCED,"Advanced feature families were governed through proposal/election policy","Implemented hierarchy multi-target hurdle funnel relational regime and expert feature-family configuration","REJECTED authority classifications could make implemented capability appear absent and expert configuration was internal",RESTORED,"Public capability inventory assessment and expert configuration independent of authority",QUALIFIED,a8e01f9ba8e8d1064931897ae0a11b517f14d38e,"Resolve legacy AutoCatBoostCARMA qualification dependency then deepen probabilistic and ensemble coverage",1,NEUTERED_CAPABILITY,"Implemented advanced families hidden behind automatic proposal authority","Explicit capability availability plus separate applicability proposal and authority fields","Rejected families remain discoverable and constructible without automatic authorization","Hostile rejected-family availability/authorization test passes","New contract QA 5/5 and targeted test pass; full legacy publication QA blocked by pre-existing missing AutoCatBoostCARMA","Probabilistic/distributional outputs ensemble election and hostile regime/hierarchy fixtures"
ProbabilityEngine,probability and uncertainty,extreme-tail survival and hazard,FRONTIER,"Native distribution kernel exposed survival/log-survival but several families used one-minus-CDF fallback","Direct complement kernels for heavy-tailed bounded EVT and composed body-tail laws","Existing incomplete-gamma/beta and symmetry kernels were bypassed causing valid extreme probabilities to collapse to zero",RESTORED,"Direct survival for Gamma inverse-Gamma Beta Student-t Cauchy GPD GEV and body-tail distributions",QUALIFIED,b6ad324c4b47b32ed4702f08b9c53004e2178fde,"Extreme discrete tails quantile inversion and simulation accuracy under pathological parameters",1,NUMERICAL_QUALITY,"Correct central probabilities but destructive complement subtraction in tails","Reference-qualified nonzero survival log-survival and hazard deep into extreme tails","Stable direct survival and composed upper/lower-tail semantics","Gamma 3.76e-42 Beta 6.00e-20 Student-t 1.10e-18 inverse-Gamma 1.33e-24 all pass with relative error below 1e-10","Full Waves 1-4 plus hostile tail suite pass; reference relative errors about 1e-15","Attack discrete extreme tails mixture quantiles RNG accuracy and uncertainty propagation"
DecisionIntelligence,decision science,frontier optimization waves 3-5,FRONTIER,"Active unpublished worktree contains vector Pareto coupled stochastic chance-constrained and frontier-discovery expansion","Published qualified multiobjective robust stochastic constrained decision system","Canonical main predates substantial active Wave 3-5 implementation; competing edits would risk loss and duplicated authority",CONCURRENT_WORK,"Await publication of active frontier work before isolated hostile audit",CONCURRENT_WORK,26a209d873221ae865a6832428135ed1b3dbfa27,"Qualify and publish active Wave 3-5 then audit robust/chance/Pareto semantics",1,CONCURRENT_WORK,"Published baseline behind active implementation","Pending active-work publication",NONE,"Read-only archaeology confirms advanced frontier work exists but is not safely isolated",NOT_MEASURED,"Revisit immediately after active DecisionIntelligence worktree is committed"
ScientificIntelligence,scientific and dynamical modeling,PDE resource authority and numerical execution,ADVANCED,"Oracle-qualified 1D method-of-lines PDE solver with a fixed nx<=256 adapter and worker ceiling","Provisioned hosts can exercise larger grids while explicit resource policies remain fail-closed","Hard-coded adapter and Julia limits made engine capability disappear regardless of host provisioning",RESTORED,"Shared explicit max-grid output-cell and field-memory policy enforced by R and Julia",QUALIFIED,953142d78704e1a718280fc0377223d834bccf7b,"Solver stiffness/advection diagnostics conservation contracts and production SPDE design",1,NEUTERED_CAPABILITY,"Strong scientific solver artificially capped at 256 grid points","Conservative default authority plus expert-qualified larger-grid capability","Expert PDE resource policy and engine-reported limits","Default 512 refusal expert 512 acceptance and 1025 refusal pass; real Julia n=300 solve succeeds","Full Scientific Waves 1-5 pass; bounded n=300 solve completed in about 30s","Add method-specific numerical gates conservation/stability and only then expand PDE/SPDE families"
FinancialIntelligence,financial risk,weighted expected shortfall kernel,ADVANCED,"Weighted scenario VaR and ES used all observations tied at the VaR boundary","Coherent expected shortfall integrates exactly the worst 1-alpha probability mass including fractional boundary atoms","Discrete and weighted scenarios could materially distort capital because VaR atom mass was overincluded; large artifacts also broke fingerprint formatting",RESTORED,"Exact weighted tail-mass integration strict probability contracts and large-artifact-safe fingerprints",QUALIFIED,f0a2783608d7cf31074ed0ff8a1b93b1073d9521,"Dynamic volatility backtesting coherent component risk and tail uncertainty",1,NUMERICAL_QUALITY,"Tail-aware system with an inexact discrete ES kernel","Exact coherent weighted ES suitable for scenario and dependence campaigns","Fractional VaR-boundary mass and strict malformed-weight rejection","Discrete 99/1 atom unequal weighted tail million-draw normal oracle and invalid weights pass","Targeted tail-risk QA 4/4; continuous ES within 0.003 of oracle; Waves 1-4 retain pre-existing optional EpistemicIntelligence failures","Add forecast VaR/ES calibration tests and additive Euler/component ES once dynamic return contracts are qualified"
